<?xml version="1.0" encoding="UTF-8"?>
<metadata xml:lang="en"><Esri><CreaDate>20240421</CreaDate><CreaTime>11455900</CreaTime><ArcGISFormat>1.0</ArcGISFormat><SyncOnce>TRUE</SyncOnce><DataProperties><lineage><Process ToolSource="c:\program files (x86)\arcgis\desktop10.5\ArcToolbox\Toolboxes\Conversion Tools.tbx\FeatureToRaster" Date="20240421" Time="114559">FeatureToRaster ca_county_boundaries Cardinal_County_ranking.csv.Rank "C:\Users\Soheil\OneDrive - Atlanta Regional Commission\Desktop\Ga Tech\MGT 6203\Team-95\Team-95\Data\Shapefiles\Cardinal" 3.79199800002768E-02</Process></lineage></DataProperties></Esri></metadata>
