<PAMDataset>
  <SRS>PROJCS["WGS_1984_Web_Mercator_Auxiliary_Sphere",GEOGCS["GCS_WGS_1984",DATUM["WGS_1984",SPHEROID["WGS_84",6378137.0,298.257223563,AUTHORITY["EPSG","7030"]],AUTHORITY["EPSG","6326"]],PRIMEM["Greenwich",0.0,AUTHORITY["EPSG","8901"]],UNIT["Degree",0.0174532925199433,AUTHORITY["EPSG","9102"]],AUTHORITY["EPSG","4326"]],PROJECTION["Mercator_Auxiliary_Sphere",AUTHORITY["Esri","43104"]],PARAMETER["False_Easting",0.0,AUTHORITY["Esri","100001"]],PARAMETER["False_Northing",0.0,AUTHORITY["Esri","100002"]],PARAMETER["Central_Meridian",0.0,AUTHORITY["Esri","100010"]],PARAMETER["Standard_Parallel_1",0.0,AUTHORITY["Esri","100025"]],PARAMETER["Auxiliary_Sphere_Type",0.0,AUTHORITY["Esri","100035"]],UNIT["Meter",1.0,AUTHORITY["EPSG","9001"]],AUTHORITY["EPSG","3857"]]</SRS>
  <Metadata domain="Esri">
    <MDI key="PyramidResamplingType">NEAREST</MDI>
  </Metadata>
  <PAMRasterBand band="1">
    <Description>Cardinal</Description>
    <NoDataValue>0.00000000000000E+000</NoDataValue>
    <Metadata domain="IMAGE_STRUCTURE">
      <MDI key="PIXELTYPE">SIGNEDBYTE</MDI>
    </Metadata>
    <Metadata>
      <MDI key="RepresentationType">ATHEMATIC</MDI>
      <MDI key="STATISTICS_SKIPFACTORX">1</MDI>
      <MDI key="STATISTICS_SKIPFACTORY">1</MDI>
    </Metadata>
  </PAMRasterBand>
</PAMDataset>
