<PAMDataset>
  <PAMRasterBand band="1">
    <Description>Suitability</Description>
    <NoDataValue>-1.28000000000000E+002</NoDataValue>
    <Histograms>
      <HistItem>
        <HistMin>1</HistMin>
        <HistMax>41</HistMax>
        <BucketCount>256</BucketCount>
        <IncludeOutOfRange>1</IncludeOutOfRange>
        <Approximate>0</Approximate>
        <HistCounts>989|0|0|0|0|0|2105|0|0|0|0|0|239|0|0|0|0|0|0|554|0|0|0|0|0|248|0|0|0|0|0|328|0|0|0|0|0|0|513|0|0|0|0|0|103|0|0|0|0|0|0|396|0|0|0|0|0|703|0|0|0|0|0|618|0|0|0|0|0|0|273|0|0|0|0|0|586|0|0|0|0|0|454|0|0|0|0|0|0|740|0|0|0|0|0|1120|0|0|0|0|0|0|134|0|0|0|0|0|1114|0|0|0|0|0|1074|0|0|0|0|0|0|670|0|0|0|0|0|1815|0|0|0|0|0|697|0|0|0|0|0|0|362|0|0|0|0|0|222|0|0|0|0|0|0|352|0|0|0|0|0|349|0|0|0|0|0|102|0|0|0|0|0|0|543|0|0|0|0|0|752|0|0|0|0|0|670|0|0|0|0|0|0|174|0|0|0|0|0|462|0|0|0|0|0|0|216|0|0|0|0|0|3225|0|0|0|0|0|1793|0|0|0|0|0|0|121|0|0|0|0|0|725|0|0|0|0|0|243|0|0|0|0|0|0|1093|0|0|0|0|0|151|0|0|0|0|0|0|42</HistCounts>
      </HistItem>
    </Histograms>
    <Metadata domain="IMAGE_STRUCTURE">
      <MDI key="PIXELTYPE">SIGNEDBYTE</MDI>
    </Metadata>
    <Metadata>
      <MDI key="STATISTICS_SKIPFACTORX">1</MDI>
      <MDI key="STATISTICS_SKIPFACTORY">1</MDI>
    </Metadata>
  </PAMRasterBand>
</PAMDataset>
