<?xml version="1.0" encoding="UTF-8"?>
<metadata xml:lang="en"><Esri><CreaDate>20240421</CreaDate><CreaTime>10371500</CreaTime><ArcGISFormat>1.0</ArcGISFormat><SyncOnce>TRUE</SyncOnce><DataProperties><lineage><Process ToolSource="c:\program files (x86)\arcgis\desktop10.5\ArcToolbox\Toolboxes\Conversion Tools.tbx\FeatureToRaster" Date="20240421" Time="103715">FeatureToRaster ca_county_boundaries_Project all_counties_crops_ranked.csv.Rank "C:\Users\Soheil\OneDrive - Atlanta Regional Commission\Desktop\Ga Tech\MGT 6203\Team-95\Team-95\Data\Shapefiles\Ranking" 0.130469555318356</Process></lineage></DataProperties></Esri></metadata>
