"STATION","Lat","Long","ZipCode","County","State","RadiusInMiles","BoundsWest","BoundsEast","BoundsNorth","BoundsSouth"
"USC00392984",44.0517,-96.5928,"57028","Moody County","SD",17,-96.788888,-96.453085,44.195684,43.890997
"USC00124244",41.6317,-87.0881,"46304","Porter County","IN",7,-87.146568,-86.951463,41.690053,41.549865
"USC00148578",39.8089,-97.055,"66968","Washington County","KS",11,-97.218482,-96.932448,39.944539,39.711579
"USC00252205",41.2492,-97.1328,"68632","Butler County","NE",12,-97.310634,-96.985299,41.368687,41.104535
"USC00135493",43.3828,-95.1842,NA,NA,NA,NA,NA,NA,NA,NA
"USC00116610",39.6186,-87.6672,"61944","Edgar County","IL",12,-87.882203,-87.531666,39.744844,39.476401
"USC00135131",42.0772,-90.6647,"52060","Jackson County","IA",11,-90.83043,-90.524518,42.208312,41.989056
"USC00110072",41.1978,-90.7447,"61231","Mercer County","IL",11,-90.860299,-90.585979,41.328853,41.06833
"USC00231748",38.4844,-93.2556,"65325","Benton County","MO",10,-93.367207,-93.067294,38.535388,38.302355
"USC00478171",44.5114,-89.5853,"54481","Portage County","WI",9,-89.7472,-89.518155,44.598857,44.445343
"USC00136103",43.4386,-93.2253,"50459","Worth County","IA",16,-93.497384,-93.044596,43.499651,43.361788
"USC00471416",43.0597,-89.4819,"53719","Dane County","WI",3,-89.537422,-89.448343,43.061531,42.993313
"USC00116970",40.5914,-90.4642,"61470","McDonough County","IL",4,-90.578691,-90.445506,40.63074,40.56907
"USC00137312",42.4194,-94.9761,"50583","Sac County","IA",10,-95.108978,-94.877045,42.547061,42.325375
"USC00250375",41.0408,-96.3811,"68003","Saunders County","NE",12,-96.521355,-96.236124,41.206113,40.957035
"USC00472869",42.905,-88.8589,"53538","Jefferson County","WI",12,-89.013489,-88.659928,43.015562,42.824319
"USC00130807",42.0417,-93.8908,"50036","Boone County","IA",13,-94.007555,-93.698654,42.209709,41.950318
"USC00134049",42.5269,-91.8781,"50644","Buchanan County","IA",10,-92.031028,-91.736825,42.578247,42.369789
"USC00113106",38.6781,-88.4797,"62839","Clay County","IL",7,-88.584699,-88.410196,38.737523,38.602879
"USC00391777",44.7575,-96.6831,"57226","Deuel County","SD",15,-96.925508,-96.536958,44.933864,44.630567
"USC00115888",38.4106,-87.7578,"62863","Wabash County","IL",15,-87.992226,-87.730134,38.57001,38.236297
"USC00115768",40.9442,-90.6381,"61462","Warren County","IL",11,-90.825504,-90.517112,41.067595,40.785075
"USC00116616",41.4947,-87.6803,"60466","Cook County","IL",3,-87.709872,-87.652514,41.506176,41.447332
"USC00118916",41.5603,-89.6025,"61376","Bureau County","IL",10,-89.758371,-89.49685,41.627254,41.453005
"USC00113109",38.7103,-88.5758,"62858","Clay County","IL",11,-88.685309,-88.361014,38.927933,38.709529
"USC00116738",39.8058,-90.8239,"62314","Pike County","IL",7,-90.977989,-90.776463,39.845075,39.68948
"USC00148563",39.2142,-96.37,"66547","Pottawatomie County","KS",12,-96.41741,-96.202445,39.362507,39.086674
"USC00127522",39.7594,-87.2269,"47872","Parke County","IN",14,-87.340537,-86.999441,39.87493,39.644338
"USC00234904",39.1828,-93.855,"64067","Lafayette County","MO",10,-93.950458,-93.687981,39.215505,39.083871
"USC00215488",44.16,-91.8122,"55959","Winona County","MN",7,-91.87156,-91.707586,44.192131,44.02382
"USC00111280",39.2883,-89.8703,"62626","Macoupin County","IL",11,-90.036834,-89.702783,39.39909,39.150695
"USC00472851",44.6997,-87.3969,"54235","Door County","WI",16,-87.629283,-87.160504,44.989005,44.675581
"USC00111160",38.5669,-90.1942,"62206","St. Clair County","IL",4,-90.224055,-90.104477,38.600906,38.541596
"USC00472973",43.975,-89.8308,"53934","Adams County","WI",16,-89.981684,-89.618121,44.112016,43.818251
"USC00112483",37.9878,-89.1931,"62832","Perry County","IL",9,-89.378884,-89.130429,38.083096,37.935597
"USC00114780",40.9025,-90.2897,"61448","Knox County","IL",7,-90.327605,-90.184334,41.034153,40.845004
"USC00113455",40.8822,-91.0233,"61437","Henderson County","IL",7,-91.091569,-90.911473,40.895697,40.776095
"USC00259193",41.2211,-96.7775,"68070","Saunders County","NE",7,-96.908829,-96.697505,41.264104,41.118269
"USC00115515",38.0844,-88.5425,"62859","Hamilton County","IL",9,-88.705259,-88.373038,38.211933,37.950906
"USC00145063",39.8383,-96.6364,"66508","Marshall County","KS",13,-96.789996,-96.463648,40.001541,39.710969
"USC00253630",42.6167,-97.2608,"68739","Cedar County","NE",17,-97.48569,-97.015358,42.771873,42.496603
"USC00255810",40.6986,-95.8867,"68410","Otoe County","NE",11,-96.006929,-95.709974,40.784292,40.522914
"USC00113320",40.9464,-90.3856,"61401","Knox County","IL",11,-90.491979,-90.220031,41.063997,40.81622
"USC00134063",41.3664,-93.6481,"50125","Warren County","IA",13,-93.703345,-93.461928,41.456246,41.175885
"USC00136243",42.0697,-96.1258,"51040","Monona County","IA",14,-96.279536,-95.903261,42.12683,41.945606
"USC00470308",43.3042,-89.3453,"53911","Columbia County","WI",7,-89.444523,-89.285057,43.379295,43.275485
"USC00251684",40.5208,-98.0536,"68933","Clay County","NE",15,-98.109053,-97.919318,40.582795,40.466478
"USC00114530",41.5033,-88.1033,"60436","Will County","IL",5,-88.197575,-88.075416,41.524883,41.451234
"USC00251560",41.1222,-98.0283,"68826","Merrick County","NE",12,-98.13491,-97.876581,41.293761,41.015201
"USC00116837",39.62,-90.8033,"62363","Pike County","IL",13,-90.96642,-90.572227,39.67538,39.484586
"USC00148341",39.3033,-95.4861,"66088","Jefferson County","KS",10,-95.589059,-95.290516,39.450008,39.251314
"USC00259045",42.2361,-97.0108,"68787","Wayne County","NE",12,-97.173777,-96.920455,42.351351,42.090523
"USC00128999",41.5114,-87.0378,"46383","Porter County","IN",10,-87.084984,-86.929352,41.574013,41.361523
"USC00237397",38.8142,-90.5139,"63301","St. Charles County","MO",13,-90.669249,-90.2812,38.967769,38.764013
"USC00237398",38.6853,-90.5233,"63017","St. Louis County","MO",6,-90.585654,-90.480822,38.695381,38.607815
"USC00214176",44.65,-93.6356,"55352","Scott County","MN",10,-93.747339,-93.460241,44.740221,44.587379
"USC00217326",43.9903,-94.6122,"56081","Watonwan County","MN",14,-94.782765,-94.489041,44.145543,43.848111
"USC00472839",43.7953,-88.4533,"54935","Fond du Lac County","WI",4,-88.482508,-88.379321,43.81978,43.733278
"USC00111497",42.14,-87.7853,"60022","Cook County","IL",2,-87.790082,-87.725967,42.15286,42.119335
"USC00112223",41.9342,-88.7756,"60115","DeKalb County","IL",9,-88.858308,-88.639807,41.987066,41.802368
"USC00114400",38.4933,-88.9708,"62801","Marion County","IL",14,-89.348018,-88.959503,38.612161,38.394161
"USC00477052",43.5231,-90.0003,"53959","Sauk County","WI",12,-90.163875,-89.80799,43.641622,43.441954
"USC00112348",41.835,-89.5136,"61021","Lee County","IL",11,-89.630232,-89.336808,41.945358,41.707195
"USC00126580",38.8878,-86.5519,"47421","Lawrence County","IN",13,-86.67201,-86.275281,38.992147,38.729601
"USC00392302",44.3825,-97.5497,"57231","Kingsbury County","SD",18,-97.743287,-97.451048,44.544204,44.194515
"USC00470645",43.4428,-88.8453,"53916","Dodge County","WI",10,-88.977141,-88.733802,43.550819,43.328749
"USC00218323",44.2394,-95.6308,"56175","Lyon County","MN",12,-95.816289,-95.513163,44.38496,44.108991
"USC00122149",40.615,-86.6661,"46923","Carroll County","IN",12,-86.780281,-86.505962,40.722373,40.454371
"USC00255997",42.0289,-97.4855,"68701","Madison County","NE",14,-97.679218,-97.280747,42.148524,41.887848
"USC00471970",43.6561,-89.2028,"53926","Green Lake County","WI",7,-89.29669,-89.125587,43.730906,43.599646
"USC00232511",37.8642,-94.0156,"64744","Cedar County","MO",13,-94.18189,-93.808648,38.025849,37.67427
"USC00477158",43.3314,-90.3889,"53581","Richland County","WI",15,-90.64804,-90.191872,43.50751,43.234195
"USC00470882",44.2906,-91.23,"54616","Trempealeau County","WI",10,-91.380571,-91.116559,44.418871,44.202883
"USC00218692",44.0708,-93.5264,"56093","Waseca County","MN",12,-93.697492,-93.326472,44.210795,43.934999
"USC00113384",41.4511,-90.1486,"61254","Henry County","IL",12,-90.329109,-89.972477,41.584653,41.342992
"USC00113262",42.2972,-89.6039,"61032","Stephenson County","IL",12,-89.768981,-89.485734,42.447485,42.200534
"USC00115326",42.2636,-88.6078,"60152","McHenry County","IL",11,-88.705683,-88.510571,42.356778,42.13895
"USC00216152",44.7628,-94.9297,"56277","Renville County","MN",13,-95.097868,-94.874327,44.892373,44.628899
"USC00136305",43.2794,-92.8106,"50461","Mitchell County","IA",16,-93.024217,-92.574222,43.428903,43.198151
"USC00147796",38.2144,-98.2078,"67579","Rice County","KS",13,-98.473104,-97.977081,38.304217,38.071657
"USC00391579",43.0428,-96.9033,"57014","Turner County","SD",14,-97.081507,-96.845257,43.24345,42.953259
"USC00146100",39.2419,-95.2725,"66066","Jefferson County","KS",10,-95.431902,-95.252302,39.28872,39.092493
"USC00390128",43.6514,-97.7981,"57311","Hanson County","SD",18,-97.886908,-97.606479,43.850132,43.486009
"USC00252595",41.9872,-98.0747,"68636","Antelope County","NE",15,-98.373596,-97.949851,42.160528,41.914954
"USC00127724",38.1642,-86.8094,"47577","Spencer County","IN",5,-86.864994,-86.751824,38.200423,38.100946
"USC00399070",44.0756,-98.5706,"57382","Jerauld County","SD",20,-98.926649,-98.412228,44.247564,43.831316
"USC00133290",41.0097,-95.7736,"51534","Mills County","IA",11,-95.794677,-95.623067,41.160136,40.915928
"USC00115430",39.4725,-88.3544,"61938","Coles County","IL",10,-88.471396,-88.247712,39.60341,39.373638
"USC00470516",43.4583,-89.7269,"53913","Sauk County","WI",11,-89.916836,-89.582076,43.600923,43.39072
"USC00144178",38.6078,-97.9597,"67464","McPherson County","KS",10,-98.035861,-97.763662,38.696911,38.456174
"USC00136316",41.0194,-93.7503,"50213","Clarke County","IA",12,-93.918794,-93.585986,41.162082,40.896761
"USC00116526",41.3283,-88.9106,"61350","LaSalle County","IL",12,-89.010604,-88.708178,41.485663,41.218567
"USC00478229",42.9108,-89.2133,"53589","Dane County","WI",9,-89.323448,-89.091728,43.01632,42.840665
"USC00232850",38.2325,-90.3981,"63028","Jefferson County","MO",12,-90.53046,-90.265406,38.262111,37.978053
"USC00479319",43.6089,-89.7667,"53965","Sauk County","WI",13,-89.91786,-89.596748,43.832933,43.56384
"USC00231640",39.3736,-90.9061,"63336","Pike County","MO",8,-91.070008,-90.836838,39.439158,39.261304
"USC00218227",44.2811,-92.1944,"55945","Wabasha County","MN",12,-92.242025,-91.887921,44.341415,44.193015
"USC00478589",43.9994,-91.4378,"55987","Winona County","MN",16,-91.856544,-91.364321,44.104001,43.877024
"USC00116753",41.3503,-89.1072,"61354","LaSalle County","IL",11,-89.182916,-89.096558,41.454802,41.206877
"USC00134142",42.5189,-93.2536,"50126","Hardin County","IA",13,-93.364966,-93.129395,42.644015,42.383126
"USC00116998",41.3661,-89.4519,"61356","Bureau County","IL",13,-89.627068,-89.277532,41.512988,41.233704
"USC00146128",38.6133,-95.2808,"66067","Franklin County","KS",11,-95.417017,-95.121054,38.738915,38.506424
"USC00134389",40.7356,-91.9697,"52565","Van Buren County","IA",11,-92.088216,-91.775773,40.825427,40.640497
"USC00145152",38.3772,-97.6097,"67460","McPherson County","KS",12,-97.88796,-97.544081,38.5074,38.231947
"USC00475189",43.1706,-89.8197,"53560","Dane County","WI",8,-89.886788,-89.614659,43.269989,43.127629
"USC00124356",39.9236,-86.5983,"46147","Boone County","IN",8,-86.695832,-86.51555,40.05469,39.893698
"USC00253660",40.6472,-98.3836,"68901","Adams County","NE",11,-98.49707,-98.14688,40.698566,40.480852
"USC00253425",41.5461,-98.5331,"68842","Greeley County","NE",12,-98.642244,-98.291219,41.697395,41.451658
"USC00230204",38.1872,-94.0283,"64724","St. Clair County","MO",8,-94.180458,-93.850953,38.216939,38.054289
"USC00140957",39.0636,-94.8961,"66012","Wyandotte County","KS",6,-95.001649,-94.834918,39.128632,38.983364
"USC00114442",39.7347,-90.1978,"62650","Morgan County","IL",12,-90.437834,-90.061476,39.873455,39.6038
"USC00399042",44.0083,-97.0042,"57075","Lake County","SD",8,-97.049453,-96.888647,44.080546,43.90617
"USC00117952",39.9678,-87.8228,"61876","Vermilion County","IL",6,-87.919,-87.756968,39.969242,39.839818
"USC00215073",44.1542,-94.0211,"56001","Blue Earth County","MN",11,-94.143271,-93.848382,44.239819,44.021973
"USC00115413",40.1642,-89.6511,"62664","Mason County","IL",8,-89.831534,-89.601195,40.319428,40.121214
"USC00233838",39.0733,-93.7075,"64037","Lafayette County","MO",11,-93.829042,-93.625935,39.181551,38.934347
"USC00135123",42.1619,-95.7836,"51034","Monona County","IA",11,-95.90413,-95.643027,42.25843,42.048434
"USC00137664",43.4047,-95.7483,"51249","Osceola County","IA",9,-95.860579,-95.584738,43.500023,43.316034
"USC00259090",40.8639,-96.1414,"68463","Cass County","NE",6,-96.21751,-96.050877,40.943816,40.813003
"USC00216287",44.0975,-93.2317,"55060","Steele County","MN",12,-93.406343,-93.045569,44.175137,43.92091
"USC00137669",40.7361,-95.6431,"51652","Fremont County","IA",9,-95.730492,-95.509027,40.873383,40.669149
"USC00238051",39.9703,-91.8875,"63447","Lewis County","MO",13,-91.952726,-91.822294,40.256471,39.948443
"USC00257055",40.9536,-96.7442,"68428","Lancaster County","NE",8,-96.92984,-96.681336,41.031325,40.915068
"USC00211174",44.0908,-92.64,"55920","Olmsted County","MN",10,-92.678285,-92.55659,44.119615,43.909618
"USC00218808",43.7467,-93.7367,"56097","Faribault County","MN",15,-93.867519,-93.571072,43.876965,43.543084
"USC00476827",43.0514,-91.135,"53821","Crawford County","WI",14,-91.179457,-90.879581,43.154661,42.938488
"USC00121256",37.8994,-86.7072,"47520","Perry County","IN",14,-86.756266,-86.430228,38.169257,37.841453
"USC00252840",40.6422,-97.5928,"68354","Fillmore County","NE",8,-97.710007,-97.46361,40.727626,40.524454
"USC00133473",41.72,-92.7489,"50112","Poweshiek County","IA",13,-92.844066,-92.590605,41.862384,41.581169
"USC00470045",42.6375,-89.0642,NA,NA,NA,NA,NA,NA,NA,NA
"USC00126705",38.5556,-86.4858,NA,NA,NA,NA,NA,NA,NA,NA
"USC00114710",41.2428,-89.8997,"61443","Henry County","IL",9,-90.055462,-89.830076,41.346775,41.16389
"USC00134561",43.4483,-95.3247,"51347","Dickinson County","IA",10,-95.387994,-95.190894,43.501196,43.298332
"USC00230817",38.9708,-92.7603,"65233","Cooper County","MO",14,-92.914954,-92.526437,38.984305,38.808707
"USC00114957",38.7239,-87.7197,"62439","Lawrence County","IL",9,-87.772458,-87.495199,38.852507,38.643147
"USC00114837",42.4308,-88.0594,"60046","Lake County","IL",5,-88.140233,-87.989028,42.455228,42.366414
"USC00110598",40.3444,-91.1125,"62321","Hancock County","IL",12,-91.252372,-90.944438,40.521001,40.257005
"USC00258395",40.6661,-96.1892,"68446","Otoe County","NE",10,-96.274544,-96.067402,40.769715,40.537281
"USC00138806",42.4686,-93.7975,"50595","Hamilton County","IA",12,-93.971617,-93.67957,42.557618,42.325073
"USC00473661",43.6408,-87.9097,"53085","Sheboygan County","WI",10,-87.941833,-87.76003,43.848344,43.63815
"USC00210075",43.6064,-93.3019,"56007","Freeborn County","MN",16,-93.518296,-93.049336,43.766785,43.550151
"USC00133007",40.6222,-91.3339,"52627","Lee County","IA",10,-91.44657,-91.257883,40.753081,40.579084
"USC00126830",40.0739,-87.5067,"47974","Vermillion County","IN",7,-87.532399,-87.412136,40.096871,39.958998
"USC00133487",42.3647,-92.7594,"50638","Grundy County","IA",11,-92.944189,-92.670545,42.456108,42.282426
"USC00124657",41.3053,-86.6286,"46534","Starke County","IN",10,-86.746119,-86.466436,41.389691,41.172
"USC00131060",40.7747,-91.1164,"52601","Des Moines County","IA",13,-91.258026,-90.951967,40.986185,40.696301
"USC00215887",44.3006,-94.4897,"56073","Brown County","MN",18,-94.624401,-94.250834,44.42673,44.18117
"USC00251990",42.4603,-97.9047,"68729","Knox County","NE",14,-98.12948,-97.691127,42.579167,42.349862
"USC00111436",39.4761,-88.1653,"61920","Coles County","IL",12,-88.266593,-88.045152,39.63757,39.375036
"USC00137844",43.1653,-95.1467,"51301","Clay County","IA",12,-95.269395,-95.015162,43.255613,43.024791
"USC00113612",38.2758,-87.9989,"62844","White County","IL",9,-88.197136,-87.946072,38.335347,38.204718
"USC00137726",42.8931,-95.0653,"50585","Buena Vista County","IA",9,-95.220462,-95.033641,43.010463,42.823496
"USC00238515",38.4444,-91.0042,"63084","Franklin County","MO",8,-91.127001,-90.879756,38.488724,38.345205
"USC00476922",42.7022,-87.7861,"53403","Racine County","WI",4,-87.894892,-87.765897,42.733843,42.626895
"USC00211198",43.6308,-91.5028,"55921","Houston County","MN",12,-91.613336,-91.24572,43.751923,43.500485
"USC00237300",38.4508,-91.3753,"63037","Franklin County","MO",11,-91.368644,-91.243129,38.553548,38.303938
"USC00234154",39.0647,-94.3861,"64055","Jackson County","MO",4,-94.474983,-94.348727,39.080164,39.019412
"USC00470265",44.2769,-88.4378,"54914","Outagamie County","WI",6,-88.557424,-88.415358,44.299288,44.22592
"USC00252820",40.0739,-97.1669,"68352","Jefferson County","NE",14,-97.369251,-97.010789,40.320858,40.001179
"USC00473654",43.6542,-90.3339,"54634","Vernon County","WI",13,-90.551246,-90.285688,43.71373,43.465904
"USC00111420",41.3978,-88.2819,"60450","Grundy County","IL",12,-88.595378,-88.248463,41.480942,41.261836
"USC00134101",41.6092,-91.505,"52240","Johnson County","IA",13,-91.711048,-91.365897,41.772992,41.510958
"USC00134585",40.6233,-93.9342,"50140","Decatur County","IA",7,-94.130021,-93.85395,40.742495,40.572901
"USC00135796",40.9486,-91.5647,"52641","Henry County","IA",16,-91.780527,-91.428988,41.200847,40.838982
"USC00136766",43.09,-91.5581,"52162","Allamakee County","IA",12,-91.673719,-91.429387,43.22221,42.970826
"USC00137613",40.7719,-95.3567,"51601","Page County","IA",10,-95.479146,-95.193866,40.829166,40.597085
"USC00111302",38.0733,-88.1805,"62821","White County","IL",14,-88.282398,-87.956664,38.242197,37.942976
"USC00134228",42.0103,-94.3953,"50129","Greene County","IA",13,-94.51277,-94.261003,42.151703,41.863001
"USC00235492",40.4575,-92.1822,"63555","Scotland County","MO",14,-92.350541,-92.021878,40.602273,40.347914
"USC00137859",43.4231,-95.1394,"51360","Dickinson County","IA",12,-95.258757,-94.922638,43.55142,43.342166
"USC00115901",42.0981,-89.9842,"61053","Carroll County","IL",12,-90.084599,-89.860007,42.24264,41.993848
"USC00110338",41.7803,-88.3092,"60505","Kane County","IL",3,-88.331541,-88.26198,41.80275,41.72837
"USC00233079",38.8483,-91.9419,"65251","Callaway County","MO",13,-92.168962,-91.791881,38.953349,38.70437
"USC00238523",40.475,-93.0031,"63565","Putnam County","MO",16,-93.184948,-92.680739,40.58903,40.343461
"USC00259200",41.845,-96.7142,"68788","Cuming County","NE",13,-96.922866,-96.555143,41.98902,41.742053
"USC00211065",44.7336,-94.3417,"55312","McLeod County","MN",9,-94.427149,-94.253966,44.790492,44.630223
"USC00258117",42.0414,-97.1747,"68701","Madison County","NE",14,-97.679218,-97.280747,42.148524,41.887848
"USC00132299",40.6458,-91.5639,"52625","Lee County","IA",11,-91.680119,-91.401546,40.799305,40.551425
"USC00473405",44.1186,-89.5358,"54943","Waushara County","WI",14,-89.778918,-89.385099,44.213885,44.033083
"USC00123104",38.8672,-87.3083,"47561","Knox County","IN",9,-87.553394,-87.315138,38.935199,38.767181
"USC00214453",43.7022,-95.1519,"56150","Jackson County","MN",13,-95.33548,-95.034405,43.776068,43.500383
"USC00118293",42.3997,-89.9903,"61085","Jo Daviess County","IL",11,-90.160013,-89.920838,42.447976,42.22197
"USC00119021",40.7942,-87.7544,"60970","Iroquois County","IL",10,-87.905593,-87.586339,40.891443,40.68609
"USC00125407",39.4039,-86.453,"46151","Morgan County","IN",15,-86.687586,-86.239106,39.593342,39.310495
"USC00250525",41.8858,-98.5631,"68622","Wheeler County","NE",16,-98.761013,-98.295559,42.058903,41.826717
"USC00132171",42.0364,-95.3289,"51442","Crawford County","IA",14,-95.53717,-95.208282,42.167883,41.877929
"USC00110442",42.1153,-88.1639,"60010","Lake County","IL",9,-88.261991,-88.043352,42.255642,42.066971
"USC00112745",42.3161,-90.2269,"61028","Jo Daviess County","IL",11,-90.296306,-90.010565,42.415777,42.195922
"USC00114805",41.0186,-89.4153,"61540","Marshall County","IL",8,-89.46157,-89.29261,41.10392,40.927278
"USC00146333",39.1175,-95.41,"66073","Jefferson County","KS",8,-95.511258,-95.270324,39.153387,39.031552
"USC00112500",41.1072,-88.4111,"60420","Livingston County","IL",11,-88.571999,-88.26792,41.182643,41.00678
"USC00145363",39.1247,-97.7047,"67467","Ottawa County","KS",18,-97.93084,-97.427031,39.234017,39.001592
"USC00479190",42.8508,-88.7247,"53190","Walworth County","WI",10,-88.857709,-88.553821,42.916203,42.695651
"USC00258480",41.7767,-96.2328,"68061","Burt County","NE",11,-96.347649,-96.064757,41.916729,41.68273
"USW00094846",41.995,-87.9336,NA,NA,NA,NA,NA,NA,NA,NA
"USC00133438",41.2942,-94.4456,"50849","Adair County","IA",11,-94.546996,-94.241364,41.403325,41.215289
"USC00131257",42.2978,-91.0117,"52033","Dubuque County","IA",10,-91.130163,-90.897957,42.38244,42.177965
"USW00014898",44.4983,-88.1111,"54313","Brown County","WI",10,-88.219738,-87.978512,44.677388,44.452826
"USC00472425",44.7878,-91.5164,"54701","Eau Claire County","WI",12,-91.675246,-91.350991,44.816244,44.683312
"USC00123513",39.6439,-86.8767,"46135","Putnam County","IN",12,-87.031605,-86.701604,39.779634,39.544273
"USC00473756",43.4389,-88.6314,"53032","Dodge County","WI",6,-88.703815,-88.561469,43.509705,43.381267
"USC00230856",39.3444,-91.1711,"63334","Pike County","MO",13,-91.31709,-91.050558,39.436178,39.157668
"USC00475932",44.3586,-88.7189,"54961","Waupaca County","WI",11,-88.946278,-88.615487,44.517422,44.289053
"USC00470124",44.3269,-91.9194,"54610","Buffalo County","WI",11,-92.03233,-91.671927,44.476129,44.256127
"USC00231822",40.2394,-94.6833,"64433","Nodaway County","MO",0.397727272727273,-94.690022,-94.668779,40.249695,40.234885
"USC00253735",40.175,-97.5903,"68370","Thayer County","NE",5,-97.726616,-97.369103,40.249223,40.045575
"USC00115961",42.2553,-88.0775,"60060","Lake County","IL",5,-88.116292,-87.968221,42.306129,42.226515
"USC00122309",38.4558,-86.6983,"47527","Dubois County","IN",7,-86.87766,-86.658575,38.526468,38.403199
"USC00115841",39.4158,-89.4614,"62546","Christian County","IL",10,-89.569809,-89.278446,39.548601,39.319638
"USC00141179",39.8775,-98.3036,"66936","Jewell County","KS",9,-98.448484,-98.156057,40.002662,39.813695
"USC00136940",41.0036,-95.2419,"51566","Montgomery County","IA",15,-95.366364,-95.0704,41.174066,40.85744
"USC00143594",38.6656,-96.9494,"67449","Dickinson County","KS",12,-97.068045,-96.689872,38.797969,38.551609
"USC00116819",40.7569,-88.1828,"60959","Ford County","IL",9,-88.262477,-88.123975,40.880074,40.704773
"USC00136719",42.7292,-94.6614,"50574","Pocahontas County","IA",12,-94.875009,-94.541025,42.790435,42.624202
"USC00230980",39.765,-93.0594,"64628","Linn County","MO",12,-93.167932,-92.932326,39.953346,39.652789
"USC00238223",38.9664,-93.4194,"65351","Saline County","MO",10,-93.525195,-93.219546,39.100421,38.868811
"USC00479046",43.0175,-88.0017,"53214","Milwaukee County","WI",4,-88.067488,-87.954728,43.036684,43.008797
"USC00132110",43.3042,-91.7953,"52101","Winneshiek County","IA",16,-91.968908,-91.563013,43.500895,43.161681
"USC00216654",43.6725,-92.0747,"55965","Fillmore County","MN",12,-92.300419,-91.969861,43.73186,43.54247
"USC00471205",42.6508,-88.2544,"53105","Racine County","WI",13,-88.424957,-88.145232,42.789654,42.518275
"USC00471568",44.0328,-88.1469,"53014","Calumet County","WI",13,-88.330344,-87.956349,44.099145,43.935114
"USC00215204",44.4717,-95.7903,"56258","Lyon County","MN",13,-95.93799,-95.553644,44.58698,44.31192
"USC00231711",38.395,-93.7711,"64735","Henry County","MO",17,-93.994421,-93.486241,38.526167,38.241925
"USC00143008",38.28,-95.2178,"66032","Anderson County","KS",15,-95.508256,-95.065128,38.390431,38.16864
"USC00111475",40.7408,-88.7181,"61726","McLean County","IL",9,-88.81477,-88.582344,40.82938,40.668711
"USC00475808",44.5378,-90.535,"54456","Clark County","WI",13,-90.804441,-90.469432,44.698429,44.421929
"USC00134894",41.6381,-95.7883,"51546","Harrison County","IA",13,-95.906698,-95.616072,41.790851,41.506241
"USC00237263",37.9567,-91.7761,"65409","Phelps County","MO",NA,NA,NA,NA,NA
"USC00114629",37.9833,-89.9469,"62241","Randolph County","IL",7,-89.959074,-89.816185,38.067892,37.954133
"USC00112687",39.1181,-88.6244,"62401","Effingham County","IL",10,-88.691385,-88.448987,39.230334,39.00254
"USC00113413",40.4731,-88.3653,"60936","Ford County","IL",8,-88.497401,-88.23374,40.559105,40.384093
"USC00115712",40.9125,-89.0339,"61760","Woodford County","IL",9,-89.18628,-88.93071,40.9419,40.766079
"USC00115833",41.7944,-89.9681,"61270","Whiteside County","IL",11,-90.093214,-89.828612,41.931298,41.708287
"USC00236012",39.0172,-92.7558,"65274","Howard County","MO",9,-92.785007,-92.556346,39.075126,38.967537
"USC00131277",42.0633,-95.8364,"51010","Monona County","IA",9,-96.006285,-95.804464,42.187555,41.979138
"USC00471676",44.6228,-88.7483,"54929","Waupaca County","WI",12,-88.89537,-88.571112,44.744509,44.53186
"USC00132364",42.54,-90.6461,"52001","Dubuque County","IA",7,-90.760159,-90.636727,42.629675,42.489714
"USC00131394",41.0164,-93.2792,"50049","Lucas County","IA",13,-93.442358,-93.098703,41.161023,40.884031
"USC00216565",44.0139,-96.3258,"56164","Pipestone County","MN",16,-96.50639,-96.174431,44.255551,43.877739
"USC00231801",38.9425,-92.3206,"65201","Boone County","MO",7,-92.347715,-92.095297,38.96901,38.802419
"USC00250435",40.3706,-95.7469,"68321","Nemaha County","NE",10,-95.753271,-95.633632,40.455238,40.334456
"USC00116910",40.8778,-88.6364,"61764","Livingston County","IL",13,-88.81615,-88.43249,40.98515,40.77137
"USC00135992",41.7117,-93.0297,"50208","Jasper County","IA",12,-93.207972,-92.883534,41.862631,41.574637
"USC00144588",39.3256,-94.9189,"66048","Leavenworth County","KS",11,-95.133702,-94.83623,39.418899,39.172324
"USC00115943",38.3483,-88.8533,"62864","Jefferson County","IL",10,-89.034262,-88.764511,38.433093,38.21327
"USC00115825",41.3708,-88.4336,"60450","Grundy County","IL",12,-88.595378,-88.248463,41.480942,41.261836
"USC00238444",40.0825,-93.6086,"64683","Grundy County","MO",14,-93.764921,-93.437664,40.207255,39.896719
"USC00237475",38.7678,-90.5894,"63376","St. Charles County","MO",5,-90.7002,-90.549647,38.86253,38.73207
"USC00471667",42.5492,-88.8756,"53525","Rock County","WI",7,-88.979149,-88.776304,42.625257,42.492099
"USC00148946",38.9667,-98.4889,"67481","Lincoln County","KS",14,-98.504345,-98.279452,39.175773,38.870706
"USC00217405",44.3222,-93.9656,"56082","Nicollet County","MN",11,-94.185325,-93.874712,44.456666,44.233473
"USC00470696",42.5039,-89.0311,"53511","Rock County","WI",12,-89.27763,-88.894518,42.621043,42.494175
"USC00250445",40.8586,-97.9958,"68818","Hamilton County","NE",13,-98.188189,-97.825723,40.960025,40.655104
"USC00213290",43.7047,-92.5644,"55936","Mower County","MN",12,-92.677698,-92.484418,43.833922,43.586854
"USC00398472",42.9917,-97.8703,"57066","Bon Homme County","SD",11,-98.030318,-97.694718,43.097029,42.905786
"USC00395090",43.9906,-97.0922,"57042","Lake County","SD",14,-97.329295,-97.008855,44.123626,43.847973
"USC00474937",43.2117,-91.0986,"54626","Crawford County","WI",8,-91.155859,-90.952063,43.33103,43.125596
"USC00137700",43.0558,-96.1525,"51250","Sioux County","IA",10,-96.372942,-96.096252,43.142421,43.006475
"USC00230608",40.2575,-94.0269,"64424","Harrison County","MO",11,-94.193038,-93.854179,40.382891,40.133753
"USC00257070",40.0978,-98.5197,"68970","Webster County","NE",10,-98.651536,-98.381947,40.234202,40.00222
"USC00111577",41.7372,-87.7775,"60459","Cook County","IL",2,-87.799744,-87.740928,41.757303,41.733559
"USC00135769",40.7053,-94.2428,"50854","Ringgold County","IA",13,-94.343016,-94.118994,40.855152,40.571469
"USC00114603",41.135,-87.8856,"60901","Kankakee County","IL",11,-88.038341,-87.720381,41.20868,41.030157
"USC00133517",42.7858,-91.0958,"52052","Clayton County","IA",14,-91.272664,-91.014681,42.840139,42.602574
"USC00478723",42.6903,-88.0336,"53182","Racine County","WI",10,-88.135424,-87.952758,42.815166,42.604577
"USC00132789",41.0211,-91.9553,"52556","Jefferson County","IA",11,-92.114013,-91.747129,41.148829,40.901106
"USC00237720",39.6828,-92.0464,"63468","Shelby County","MO",9,-92.146889,-91.882406,39.775223,39.565091
"USC00475573",42.5992,-89.6669,"53566","Green County","WI",12,-89.818199,-89.485379,42.719063,42.501972
"USC00231189",38.6278,-92.5567,"65018","Moniteau County","MO",14,-92.672498,-92.433713,38.761872,38.456007
"USC00474482",43.0803,-88.8967,"53551","Jefferson County","WI",8,-88.991367,-88.84556,43.161364,43.007622
"USC00259513",40.9153,-97.5997,"68467","York County","NE",15,-97.750117,-97.444687,40.988433,40.756442
"USC00130364",41.4175,-95.0042,"50022","Cass County","IA",14,-95.155316,-94.853865,41.562872,41.258876
"USC00133632",41.6453,-95.3339,"51537","Shelby County","IA",11,-95.451002,-95.102648,41.76165,41.534657
"USC00234694",38.2042,-92.6233,"65049","Camden County","MO",6,-92.764539,-92.579891,38.232322,38.161149
"USC00130241",41.7322,-93.65,"50023","Polk County","IA",5,-93.681377,-93.597745,41.791339,41.680236
"USC00122620",38.87,-87.0917,"47529","Daviess County","IN",6,-87.147554,-87.017913,38.91775,38.800851
"USC00473038",43.5706,-91.2294,"54632","Vernon County","WI",7,-91.244093,-91.032792,43.629968,43.517641
"USC00139067",41.665,-91.9978,"52361","Iowa County","IA",12,-92.183115,-91.832934,41.731027,41.571216
"USC00121417",40.6653,-86.955,"47929","White County","IN",8,-87.04085,-86.81262,40.72134,40.63499
"USC00128290",39.2839,-86.7706,"47460","Owen County","IN",12,-86.95108,-86.658688,39.466589,39.14857
"USC00134963",41.8606,-90.9222,"52255","Cedar County","IA",6,-91.050067,-90.898201,41.920015,41.800893
"USC00145972",38.8875,-94.7603,"66062","Johnson County","KS",6,-94.871419,-94.686316,38.922368,38.781817
"USC00210355",43.6542,-92.9739,"55912","Mower County","MN",15,-93.169096,-92.768117,43.820976,43.526721
"USC00472055",44.3514,-87.812,"54208","Brown County","WI",11,-87.949834,-87.603523,44.458371,44.284007
"USC00258410",40.2381,-96.0847,"68447","Pawnee County","NE",5,-96.151984,-96.010176,40.312908,40.116
"USC00475563",44.5647,-91.6719,"54755","Buffalo County","WI",19,-91.869213,-91.528819,44.771857,44.375926
"USC00473022",43.3144,-90.8486,"54631","Crawford County","WI",11,-90.97401,-90.666069,43.36946,43.205309
"USC00236402",38.0492,-93.7039,"64776","St. Clair County","MO",21,-93.902982,-93.418501,38.220825,37.879707
"USC00235671",39.4194,-92.4369,"65270","Randolph County","MO",8,-92.538388,-92.2804,39.509027,39.301945
"USC00472173",42.9608,-90.1161,"53533","Iowa County","WI",13,-90.317421,-89.956065,43.10159,42.903192
"USC00120331",40.2839,-87.1964,"47918","Fountain County","IN",10,-87.335609,-87.072504,40.427646,40.185994
"USC00478951",44.3547,-89.0594,"54981","Waupaca County","WI",11,-89.259853,-88.981443,44.424308,44.21002
"USC00473268",44.4983,-88.1119,"54313","Brown County","WI",10,-88.219738,-87.978512,44.677388,44.452826
"USC00145744",38.0231,-97.3553,"67114","Harvey County","KS",16,-97.471895,-97.013756,38.275345,37.926858
"USW00013802",38.52,-89.8467,NA,NA,NA,NA,NA,NA,NA,NA
"USC00115079",40.1519,-89.3386,"62656","Logan County","IL",11,-89.550985,-89.214885,40.243879,40.01919
"USC00134735",42.7817,-96.1458,"51031","Plymouth County","IA",14,-96.409914,-96.016268,42.910023,42.648988
"USC00111836",40.6211,-89.2414,"61729","Woodford County","IL",4,-89.274913,-89.184134,40.676194,40.585153
"USC00219170",43.645,-95.5803,"56187","Nobles County","MN",14,-95.753641,-95.335275,43.790688,43.499856
"USC00472165",44.1331,-91.5511,"54625","Trempealeau County","WI",5,-91.558968,-91.485562,44.157908,44.088211
"USC00233102",39.9081,-93.9697,"64640","Daviess County","MO",11,-94.103636,-93.80167,40.012121,39.786297
"USC00476646",42.7489,-90.4656,"53818","Grant County","WI",11,-90.635867,-90.340507,42.871255,42.634278
"USC00132689",43.1025,-94.6833,"50536","Palo Alto County","IA",11,-94.837519,-94.575274,43.241536,42.99519
"USC00391076",44.325,-96.7686,"57006","Brookings County","SD",17,-96.911401,-96.706461,44.514509,44.152424
"USC00478827",43.5594,-90.8761,"54665","Vernon County","WI",14,-91.109668,-90.730214,43.637312,43.423487
"USC00131354",40.7325,-92.89,"52544","Appanoose County","IA",12,-93.097394,-92.753386,40.830701,40.584014
"USC00471078",42.6181,-89.3867,"53566","Green County","WI",12,-89.818199,-89.485379,42.719063,42.501972
"USW00094822",42.1928,-89.0931,NA,NA,NA,NA,NA,NA,NA,NA
"USC00476764",43.3944,-87.8636,NA,NA,NA,NA,NA,NA,NA,NA
"USC00116157",38.9917,-88.1828,"62448","Jasper County","IL",13,-88.352384,-88.037154,39.112739,38.817918
"USC00117126",39.1481,-89.1022,"62080","Fayette County","IL",12,-89.241903,-88.940874,39.247011,39.027072
"USC00117004",40.9275,-89.7564,"61559","Peoria County","IL",8,-89.902258,-89.657789,41.026416,40.813183
"USC00135952",43.0453,-92.3122,"50659","Chickasaw County","IA",14,-92.455997,-92.199205,43.213707,42.936208
"USC00136800",43.0864,-95.6292,"51245","O'Brien County","IA",10,-95.703659,-95.50514,43.158073,42.968131
"USC00135837",41.4075,-91.0728,"52761","Muscatine County","IA",16,-91.291653,-90.802915,41.537394,41.237054
"USC00132209",41.7367,-93.7236,"50131","Polk County","IA",5,-93.765551,-93.664068,41.754934,41.650839
"USC00471064",44.1614,-88.0803,"54110","Calumet County","WI",8,-88.183823,-87.99825,44.270257,44.080919
"USC00393029",44.0683,-98.0833,"57314","Sanborn County","SD",18,-98.171858,-97.849492,44.195956,43.849857
"USC00253185",41.4514,-97.7644,"68640","Nance County","NE",14,-97.926456,-97.676012,41.598366,41.351016
"USC00255362",41.1431,-96.4808,"68033","Saunders County","NE",6,-96.582503,-96.46368,41.191758,41.074243
"USC00253065",40.6558,-97.2208,"68359","Saline County","NE",11,-97.368603,-97.178822,40.742139,40.509706
"USC00258875",40.2444,-96.4983,"68458","Gage County","NE",4,-96.558355,-96.46346,40.276792,40.189611
"USC00478937",43.0064,-88.2492,"53188","Waukesha County","WI",6,-88.384303,-88.200759,43.075282,42.987971
"USC00254035",41.7175,-97.0031,"68641","Colfax County","NE",13,-97.087524,-96.944532,41.873522,41.582958
"USC00132573",42.3653,-93.0972,"50627","Hardin County","IA",13,-93.280616,-92.924374,42.415551,42.259713
"USW00014920",43.8789,-91.2528,NA,NA,NA,NA,NA,NA,NA,NA
"USC00124837",41.6117,-86.7297,"46350","LaPorte County","IN",12,-86.89711,-86.581631,41.759993,41.482518
"USC00474457",42.6006,-88.4253,"53147","Walworth County","WI",8,-88.54112,-88.339652,42.65483,42.494495
"USC00236745",38.81,-94.2647,"64080","Cass County","MO",11,-94.40396,-94.119096,38.849491,38.658201
"USC00238805",38.6989,-90.6828,"63304","St. Charles County","MO",8,-90.77768,-90.567835,38.763188,38.634563
"USC00211468",44.8131,-93.6311,"55318","Carver County","MN",7,-93.725065,-93.520431,44.869978,44.750431
"USC00124715",40.2964,-86.9028,"47909","Tippecanoe County","IN",10,-87.036178,-86.736217,40.415466,40.214856
"USC00475786",44.0261,-90.0814,"54646","Juneau County","WI",16,-90.231698,-89.951429,44.24924,43.905612
"USC00144559",38.9583,-95.2514,"66045","Douglas County","KS",0.454545454545455,-95.260482,-95.240577,38.965654,38.950837
"USC00118324",42.0256,-88.1783,"60107","Cook County","IL",3,-88.221779,-88.138491,42.045525,41.99504
"USC00134874",41.8264,-96.0506,"51545","Harrison County","IA",5,-96.111029,-95.93701,41.901999,41.761779
"USC00135844",41.4714,-91.0464,"52761","Muscatine County","IA",16,-91.291653,-90.802915,41.537394,41.237054
"USC00134758",40.7244,-93.6453,"50144","Decatur County","IA",9,-93.900564,-93.603649,40.861358,40.609172
"USC00219072",44.0875,-91.6703,"55987","Winona County","MN",16,-91.856544,-91.364321,44.104001,43.877024
"USC00258465",40.3544,-96.1939,"68450","Johnson County","NE",14,-96.362675,-96.066002,40.450703,40.261954
"USC00130203",41.9519,-93.5656,"50010","Story County","IA",9,-93.659401,-93.521379,42.124194,41.935739
"USC00132864",42.8825,-91.8303,"52142","Fayette County","IA",11,-91.884327,-91.666633,42.920907,42.701931
"USC00131533",40.7244,-95.0192,"51632","Page County","IA",13,-95.200366,-94.913124,40.901046,40.608517
"USC00235340",40.3458,-94.8342,"64468","Nodaway County","MO",10,-95.009276,-94.74264,40.447529,40.216131
"USC00233043",38.4583,-91.7028,"65051","Osage County","MO",10,-91.92754,-91.629378,38.563405,38.375208
"USC00130200",42.0208,-93.7742,"50036","Boone County","IA",13,-94.007555,-93.698654,42.209709,41.950318
"USW00014933",41.5339,-93.6531,NA,NA,NA,NA,NA,NA,NA,NA
"USC00213311",44.8136,-95.5517,"56241","Yellow Medicine County","MN",11,-95.746834,-95.412529,44.89826,44.701512
"USC00251825",41.4639,-97.3278,"68601","Platte County","NE",16,-97.703881,-97.156071,41.641919,41.308202
"USC00138296",42.0356,-92.5806,"52342","Tama County","IA",9,-92.663595,-92.415221,42.152487,41.977964
"USC00252805",42.2611,-98.3417,"68735","Holt County","NE",17,-98.761183,-98.233038,42.350114,41.978199
"USC00113940",40.3031,-90.0647,"62644","Mason County","IL",10,-90.219692,-89.923397,40.398746,40.183945
"USW00014925",43.9042,-92.4917,NA,NA,NA,NA,NA,NA,NA,NA
"USW00014923",41.4653,-90.5233,"61265","Rock Island County","IL",5,-90.539935,-90.399664,41.523533,41.442579
"USC00234382",39.3667,-94.3294,"64060","Clay County","MO",10,-94.480757,-94.236225,39.455527,39.280816
"USC00129222",41.4439,-86.9294,"46390","LaPorte County","IN",7,-86.939593,-86.81048,41.492277,41.346446
"USC00133718",43.0031,-96.485,"51023","Sioux County","IA",12,-96.588509,-96.332297,43.157555,42.908771
"USC00112736",42.0628,-88.2861,"60123","Kane County","IL",4,-88.341144,-88.270415,42.083564,41.985336
"USC00210157",43.8836,-94.1664,"56010","Blue Earth County","MN",11,-94.349159,-94.008254,43.957279,43.847781
"USC00132999",42.5836,-94.2006,"50501","Webster County","IA",15,-94.344496,-94.048003,42.630958,42.296136
"USC00238746",38.5417,-90.975,"63090","Franklin County","MO",8,-91.163553,-90.889602,38.609898,38.447565
"USC00471280",43.7447,-90.7783,"54619","Monroe County","WI",12,-90.961239,-90.635239,43.858883,43.655234
"USC00131541",42.72,-93.7336,"50525","Wright County","IA",12,-93.892558,-93.606582,42.848754,42.601003
"USC00217907",44.2469,-94.9864,"56087","Brown County","MN",11,-95.127199,-94.786142,44.351668,44.122221
"USW00014944",43.5878,-96.7289,"57104","Minnehaha County","SD",7,-96.774923,-96.631683,43.67432,43.534937
"USW00014943",42.3914,-96.3792,NA,NA,NA,NA,NA,NA,NA,NA
"USW00014942",41.3103,-95.8992,NA,NA,NA,NA,NA,NA,NA,NA
"USW00014941",41.9856,-97.4353,"68701","Madison County","NE",14,-97.679218,-97.280747,42.148524,41.887848
"USW00014940",43.1544,-93.3269,"50428","Cerro Gordo County","IA",12,-93.497668,-93.280403,43.255591,43.009291
"USC00119241",39.4408,-90.3789,"62092","Greene County","IL",10,-90.526422,-90.264583,39.470216,39.354374
"USC00250622",40.2994,-96.75,"68310","Gage County","NE",13,-96.916384,-96.501662,40.364476,40.1466
"USW00014939",40.8508,-96.7475,"68524","Lancaster County","NE",6,-96.9106,-96.733699,40.930166,40.82389
"USC00118147",38.1167,-89.7167,"62286","Randolph County","IL",9,-89.850847,-89.592395,38.219696,38.015453
"USC00118389",39.5608,-88.6089,"61951","Moultrie County","IL",10,-88.726697,-88.432875,39.710071,39.505323
"USW00014936",44.3981,-98.2231,"57350","Beadle County","SD",21,-98.41787,-97.992265,44.596551,44.195813
"USW00014935",40.9611,-98.3136,NA,NA,NA,NA,NA,NA,NA,NA
"USC00144972",39.1972,-96.5814,"66506","Riley County","KS",0.909090909090909,-96.589388,-96.576094,39.206198,39.186016
"USC00477708",44.7631,-88.6183,"54166","Shawano County","WI",15,-88.868625,-88.473282,44.856775,44.651516
"USC00478919",43.1742,-88.7364,"53094","Jefferson County","WI",11,-88.891011,-88.551867,43.198213,43.048562
"USC00234271",38.5853,-92.1825,"65109","Cole County","MO",11,-92.369992,-92.17848,38.677445,38.43026
"USC00140010",38.9267,-97.2128,"67410","Dickinson County","KS",19,-97.371194,-97.037286,39.147904,38.725681
"USC00472001",42.6783,-90.1064,"53530","Lafayette County","WI",12,-90.310186,-89.965481,42.799359,42.591782
"USC00473453",43.3317,-88.4117,"53027","Washington County","WI",12,-88.461195,-88.271855,43.442841,43.192932
"USC00258320",40.0297,-98.0758,"68978","Nuckolls County","NE",8,-98.256104,-97.934055,40.176496,39.94319
"USC00127298",40.9239,-87.1753,"47978","Jasper County","IN",14,-87.314945,-86.91178,41.144191,40.837152
"USC00129113",38.7386,-87.4878,"47591","Knox County","IN",13,-87.670118,-87.34475,38.792874,38.49449
"USW00093817",38.0442,-87.5206,NA,NA,NA,NA,NA,NA,NA,NA
"USW00094908",42.3978,-90.7036,NA,NA,NA,NA,NA,NA,NA,NA
"USC00119354",39.4458,-88.5961,"61957","Shelby County","IL",9,-88.73086,-88.490233,39.522943,39.338538
"USC00120784",39.1742,-86.5214,"47408","Monroe County","IN",8,-86.541371,-86.370292,39.335602,39.151513
"USC00121873",40.0028,-86.8011,"47933","Montgomery County","IN",15,-87.091051,-86.67649,40.186138,39.894888
"USC00258328",41.1042,-97.3094,"68667","Butler County","NE",4,-97.368101,-97.234363,41.134312,41.068921
"USW00013984",39.5514,-97.6508,"66901","Cloud County","KS",15,-97.816497,-97.402461,39.711216,39.379337
"USC00474546",42.8278,-90.7889,"53813","Grant County","WI",13,-90.90208,-90.52927,42.955927,42.72651
"USW00014950",41.1078,-92.4467,"52501","Wapello County","IA",14,-92.639955,-92.193758,41.162,40.899158
"USC00214546",44.2394,-95.3153,"56152","Redwood County","MN",14,-95.370406,-95.168239,44.369624,44.079602
"USC00144982",39.7889,-98.2039,"66956","Jewell County","KS",20,-98.430091,-98.043206,39.944157,39.654262
"USC00131319",42.0497,-91.5881,"52302","Linn County","IA",8,-91.702071,-91.472386,42.145161,41.975945
"USC00258795",41.3197,-96.3672,"68064","Douglas County","NE",8,-96.47072,-96.253408,41.400782,41.291682
"USC00256375",41.1844,-97.5514,"68651","Polk County","NE",10,-97.7525,-97.464415,41.339411,41.133919
"USC00237632",38.6753,-93.2228,"65301","Pettis County","MO",15,-93.43952,-93.053011,38.872024,38.534071
"USC00128036",38.5528,-86.7944,"47581","Martin County","IN",14,-86.890756,-86.682435,38.829157,38.525996
"USC00211263",44.7183,-96.2697,"56220","Yellow Medicine County","MN",14,-96.451871,-96.051685,44.877826,44.531664
"USC00394037",44.0122,-97.5317,"57349","Miner County","SD",16,-97.770942,-97.430022,44.195336,43.864045
"USC00216839",44.5486,-95.0997,"56283","Redwood County","MN",14,-95.309935,-94.990647,44.686966,44.390926
"USC00131442",42.7572,-95.5378,"51012","Cherokee County","IA",13,-95.720853,-95.44662,42.895705,42.605165
"USC00130112",41.0656,-92.7867,"52531","Monroe County","IA",12,-93.003059,-92.639165,41.161301,40.905923
"USC00256135",42.0644,-97.9667,"68761","Antelope County","NE",7,-98.021591,-97.902532,42.133199,41.988051
"USC00396574",43.0689,-98.5325,"57367","Charles Mix County","SD",0.795454545454545,-98.561172,-98.48694,43.077768,43.052828
"USW00003945",38.8169,-92.2183,NA,NA,NA,NA,NA,NA,NA,NA
"USW00013996",39.0725,-95.6261,NA,NA,NA,NA,NA,NA,NA,NA
"USW00003947",39.2972,-94.7306,NA,NA,NA,NA,NA,NA,NA,NA
"USW00014842",40.6675,-89.6839,"61607","Peoria County","IL",6,-89.756507,-89.610339,40.691778,40.552486
"USC00119221",41.8128,-88.0728,"60532","DuPage County","IL",3,-88.119082,-88.051606,41.818493,41.755519
"USW00013994",38.7525,-90.3736,NA,NA,NA,NA,NA,NA,NA,NA
"USC00395481",43.2358,-97.5714,"57045","Hutchinson County","SD",11,-97.677118,-97.357849,43.333005,43.095665
"USC00214534",43.9983,-95.9494,"56151","Murray County","MN",9,-96.04441,-95.80357,44.13123,43.94203
"USW00094910",42.5544,-92.4011,NA,NA,NA,NA,NA,NA,NA,NA
"USW00013991",39.1342,-93.2225,"65340","Saline County","MO",18,-93.359583,-92.957573,39.278067,38.897769
"USW00093822",39.8447,-89.6839,"62707","Sangamon County","IL",10,-89.782283,-89.521012,39.928309,39.801586
"USW00094911",42.8783,-97.3633,"57078","Yankton County","SD",12,-97.595621,-97.275576,43.024872,42.84457
"USC00142459",38.7297,-98.225,"67439","Ellsworth County","KS",14,-98.370706,-98.039553,38.882928,38.580209
"USW00014839",42.955,-87.9044,NA,NA,NA,NA,NA,NA,NA,NA
"USW00014837",43.1406,-89.3453,NA,NA,NA,NA,NA,NA,NA,NA
"USW00013988",39.1208,-94.5969,NA,NA,NA,NA,NA,NA,NA,NA
"USC00149080",37.8833,-95.7278,"66783","Woodson County","KS",14,-95.922282,-95.524982,38.040048,37.732727
"USC00476718",43.5306,-89.4369,"53901","Columbia County","WI",12,-89.659545,-89.305634,43.655139,43.399336
"USC00129253",38.6489,-87.1989,"47501","Daviess County","IN",13,-87.279415,-87.07267,38.803546,38.515615
"USC00231580",39.775,-93.5358,"64601","Livingston County","MO",18,-93.761625,-93.402612,39.96116,39.614135
"USC00475178",43.79,-90.0597,"53948","Juneau County","WI",12,-90.249926,-89.849755,43.905935,43.643145
"USC00131731",41.2764,-91.3581,"52738","Louisa County","IA",11,-91.486004,-91.192165,41.424217,41.161618
"USC00231340",39.3594,-93.4886,"64633","Carroll County","MO",16,-93.701811,-93.252726,39.539355,39.214892
"USC00115372",41.3286,-88.7533,"61341","LaSalle County","IL",11,-88.803144,-88.607315,41.458319,41.223362
"USC00115493",42.3092,-88.2533,"60050","McHenry County","IL",6,-88.355246,-88.187902,42.410937,42.277918
"USC00137161",42.3969,-94.6292,"50579","Calhoun County","IA",12,-94.814298,-94.475238,42.499978,42.30313
"USC00116579",39.3686,-89.0867,"62557","Christian County","IL",9,-89.278665,-88.991001,39.509234,39.283418
"USC00140682",39.8186,-97.6378,"66935","Republic County","KS",16,-97.744659,-97.500094,40.002133,39.653516
"USC00148061",38.4331,-96.5578,"66869","Chase County","KS",10,-96.684618,-96.361265,38.521974,38.374493
"USC00126151",37.9325,-87.3744,"47630","Warrick County","IN",7,-87.451199,-87.257465,38.017656,37.878026
"USC00127125",38.3567,-87.5906,"47670","Gibson County","IN",9,-87.72443,-87.464018,38.40427,38.273844
"USC00478316",42.9675,-88.5497,"53118","Waukesha County","WI",6,-88.584253,-88.389157,43.033039,42.926326
"USC00130536",40.8069,-94.0475,"50074","Ringgold County","IA",7,-94.142621,-94.014759,40.919304,40.796538
"USC00230143",39.8914,-94.36,"64469","DeKalb County","MO",10,-94.529032,-94.242914,40.0393,39.819448
"USC00475164",44.1747,-90.3483,"54666","Monroe County","WI",18,-90.629035,-90.232111,44.335944,44.015464
"USC00390296",43.3131,-98.3486,"57313","Douglas County","SD",12,-98.576148,-98.18948,43.442105,43.183411
"USC00474195",44.4628,-87.505,"54216","Kewaunee County","WI",11,-87.704771,-87.439562,44.588469,44.327449
"USC00258935",42.1506,-96.4756,"68067","Thurston County","NE",6,-96.589965,-96.384209,42.227644,42.089848
"USC00478672",44.1431,-87.5678,"54241","Manitowoc County","WI",10,-87.72162,-87.500766,44.327563,44.122451
"USC00252037",42.7364,-97.4969,"68730","Knox County","NE",11,-97.720683,-97.400549,42.858477,42.627072
"USC00120852",38.0303,-87.2736,"47601","Warrick County","IN",9,-87.367786,-87.132017,38.15866,37.925332
"USC00232568",38.8681,-94.0353,"64040","Johnson County","MO",15,-94.128304,-93.863781,38.915144,38.56501
"USC00120858",40.535,-87.453,"47944","Benton County","IN",15,-87.526225,-87.096413,40.736572,40.476712
"USC00116446",38.7003,-88.0817,"62450","Richland County","IL",12,-88.224876,-87.946985,38.845785,38.568912
"USC00136199",42.68,-91.875,"50662","Fayette County","IA",8,-92.044844,-91.824558,42.744878,42.631384
"USC00140693",39.4575,-98.1125,"67420","Mitchell County","KS",18,-98.302794,-97.853851,39.567403,39.218757
"USC00118740",40.0839,-88.2403,"61820","Champaign County","IL",3,-88.258189,-88.225627,40.149189,40.068933
"USC00116200",40.5492,-88.9497,"61761","McLean County","IL",10,-89.069086,-88.797384,40.576633,40.487114
"USC00129670",41.0267,-86.5867,"46996","Pulaski County","IN",12,-86.807075,-86.467345,41.179317,40.89817
"USC00129430",40.475,-86.9919,NA,NA,NA,NA,NA,NA,NA,NA
"USC00131635",41.7947,-90.2639,"52730","Clinton County","IA",8,-90.446583,-90.230216,41.815281,41.727691
"USC00132603",42.7753,-91.4536,"52076","Clayton County","IA",10,-91.625903,-91.368865,42.796933,42.596465
"USC00252020",40.6092,-96.8719,"68333","Saline County","NE",11,-97.084262,-96.787972,40.698205,40.538079
"USC00118860",39.5061,-89.7689,"62690","Macoupin County","IL",11,-89.907519,-89.589065,39.558851,39.464493
"USC00141559",39.3739,-97.1275,"67432","Clay County","KS",18,-97.445789,-96.941959,39.539212,39.131961
"USC00257715",40.8997,-97.0908,"68434","Seward County","NE",12,-97.292152,-96.964055,41.046505,40.792598
"USC00212721",44.3092,-93.2661,"55021","Rice County","MN",13,-93.465599,-93.101227,44.459053,44.196203
"USC00141435",38.9644,-97.0119,"67431","Dickinson County","KS",14,-97.093602,-96.919569,39.118187,38.812358
"USC00138026",43.4542,-94.3069,"50590","Kossuth County","IA",9,-94.40377,-94.167847,43.500279,43.312643
"USC00116558",39.0064,-87.6236,"62451","Crawford County","IL",9,-87.678203,-87.51213,39.110541,38.911436
"USC00250070",41.6853,-98.0083,"68620","Boone County","NE",16,-98.296006,-97.849813,41.914957,41.575041
"USC00131402",43.0603,-92.6717,"50616","Floyd County","IA",13,-92.83798,-92.49536,43.212813,42.936232
"USC00477209",43.8864,-88.7444,"54971","Fond du Lac County","WI",11,-88.976205,-88.660784,43.982822,43.75705
"USC00474174",42.5608,-87.8156,"53143","Kenosha County","WI",2,-87.847048,-87.806902,42.582146,42.536814
"USC00253467",41.1586,-96.1922,"68136","Sarpy County","NE",2,-96.215771,-96.154826,41.190762,41.146935
"USC00139132",41.315,-94.0183,"50273","Madison County","IA",13,-94.241705,-93.847086,41.493043,41.207201
"USC00112193",39.8289,-88.9506,"62521","Macon County","IL",10,-89.105073,-88.801679,39.912003,39.747393
"USC00258915",42.2619,-96.8636,"68784","Dixon County","NE",12,-96.998558,-96.794262,42.373053,42.119429
"USC00144712",39.0294,-98.13,"67455","Lincoln County","KS",15,-98.318215,-97.984054,39.219491,38.870407
"USC00117636",38.6403,-88.9458,"62881","Marion County","IL",9,-89.031139,-88.80858,38.735437,38.538216
"USC00116661",41.6653,-88.9781,"61353","Lee County","IL",6,-89.053111,-88.939672,41.760875,41.641253
"USC00114489",39.1025,-90.3431,"62052","Jersey County","IL",11,-90.483967,-90.146093,39.203832,38.999447
"USC00116663",40.455,-88.1417,"60957","Ford County","IL",11,-88.290963,-87.971727,40.531017,40.355214
"USC00143984",37.9233,-95.4242,"66749","Allen County","KS",8,-95.519429,-95.299053,38.038594,37.820195
"USC00130600",41.8814,-92.2764,"52208","Benton County","IA",6,-92.327547,-92.185868,41.978716,41.790105
"USC00231145",38.2611,-94.405,"64730","Bates County","MO",17,-94.543791,-94.084053,38.39082,38.121647
"USC00253175",40.5314,-97.5964,"68361","Fillmore County","NE",13,-97.733046,-97.463253,40.600074,40.415347
"USC00232591",39.1558,-90.7831,"63343","Lincoln County","MO",10,-90.974145,-90.68523,39.260602,39.069839
"USC00123078",40.9842,-86.8872,"47946","Pulaski County","IN",8,-87.026851,-86.756149,41.05634,40.91239
"USC00118684",39.7947,-88.2911,"61953","Douglas County","IL",11,-88.434357,-88.12031,39.879518,39.709831
"USC00235987",37.8394,-94.3739,"64772","Vernon County","MO",12,-94.511881,-94.143266,37.973018,37.700033
"USC00140405",39.5756,-95.1108,"66002","Atchison County","KS",16,-95.265045,-94.968973,39.725459,39.375669
"USC00141858",38.3703,-96.5483,"66845","Chase County","KS",12,-96.658411,-96.355291,38.405682,38.172381
"USC00233568",39.7425,-94.0347,"64644","Caldwell County","MO",9,-94.109103,-93.852442,39.82994,39.642569
"USC00475017",44.0869,-87.6522,"54220","Manitowoc County","WI",10,-87.856955,-87.610843,44.218485,43.999961
"USC00136151",41.3044,-95.3844,"51560","Pottawattamie County","IA",11,-95.555918,-95.23206,41.385531,41.259724
"USC00137594",43.1803,-95.8533,"51201","O'Brien County","IA",10,-96.018917,-95.742621,43.272444,43.098287
"USC00114198",40.4664,-87.685,"60942","Vermilion County","IL",10,-87.819892,-87.526168,40.549476,40.386535
"USC00138568",42.1703,-92.0078,"52349","Benton County","IA",12,-92.14298,-91.833285,42.297647,42.05062
"USC00138688",41.2825,-91.7078,"52353","Washington County","IA",12,-91.868721,-91.583847,41.441076,41.182588
"USC00130608",42.2611,-90.423,"52031","Jackson County","IA",13,-90.645914,-90.306647,42.41829,42.116831
"USC00123082",40.2986,-86.5067,"46041","Clinton County","IN",16,-86.695544,-86.247224,40.448871,40.176942
"USC00395669",43.7644,-98.0714,"57301","Davison County","SD",13,-98.205837,-97.846691,43.851087,43.585672
"USC00234544",40.2058,-92.5747,"63501","Adair County","MO",14,-92.778581,-92.429843,40.324935,40.037806
"USC00475120",44.6411,-90.1333,"54449","Wood County","WI",14,-90.336003,-90.055969,44.771854,44.495098
"USC00476330",44.0206,-88.5578,"54902","Winnebago County","WI",7,-88.584554,-88.449414,44.045713,43.893415
"USC00143929",38.09,-97.9125,"67502","Reno County","KS",8,-98.052844,-97.79377,38.202782,38.071444
"USC00219249",44.2992,-92.6661,"55992","Goodhue County","MN",10,-92.850892,-92.565632,44.370108,44.238469
"USC00231037",39.4247,-93.1331,"65236","Chariton County","MO",6,-93.204897,-92.996662,39.525647,39.312875
"USC00212737",44.6697,-93.17,"55024","Dakota County","MN",8,-93.248179,-93.014186,44.717898,44.536748
"USC00116011",38.3419,-89.3592,"62263","Washington County","IL",11,-89.551262,-89.2578,38.459934,38.200442
"USC00141867",38.6758,-96.5097,"66846","Morris County","KS",16,-96.664853,-96.260853,38.812341,38.515799
"USC00117457",41.6042,-88.085,"60446","Will County","IL",4,-88.163636,-88.052838,41.680834,41.594069
"USC00148250",39.8283,-95.0881,"66087","Doniphan County","KS",11,-95.30927,-94.993445,39.906841,39.679417
"USC00146076",38.6361,-95.8031,"66523","Osage County","KS",10,-95.987057,-95.682832,38.712776,38.470854
"USC00131833",40.9883,-94.7589,"50841","Adams County","IA",15,-94.927684,-94.58557,41.158467,40.825259
"USC00131954",43.3894,-92.0939,"52136","Howard County","IA",14,-92.298883,-91.929378,43.500821,43.212785
"USC00131710",42.0169,-93.3189,"50056","Story County","IA",8,-93.367351,-93.231645,42.093357,41.935336
"USC00475474",43.0722,-88.0294,"53222","Milwaukee County","WI",2,-88.066822,-88.005786,43.104225,43.067016
"USC00126001",37.9286,-87.8956,"47620","Posey County","IN",14,-88.097892,-87.70027,38.06522,37.771728
"USC00476200",43.1003,-88.5036,"53066","Waukesha County","WI",13,-88.624877,-88.39133,43.261139,42.976007
"USC00257515",41.2078,-98.4608,"68873","Howard County","NE",13,-98.612246,-98.296697,41.394204,41.105139
"USC00391392",43.3111,-96.5878,"57013","Lincoln County","SD",12,-96.757156,-96.476697,43.432202,43.170539
"USC00473058",43.2389,-88.1222,"53022","Washington County","WI",4,-88.191237,-88.063292,43.279428,43.191751
"USC00143810",39.6678,-95.52,"66439","Atchison County","KS",9,-95.695588,-95.405288,39.739875,39.577368
"USC00135198",42.0647,-92.9244,"50158","Marshall County","IA",13,-93.117171,-92.743862,42.18845,41.919988
"USC00142602",38.8592,-96.1058,"66423","Wabaunsee County","KS",13,-96.316969,-95.965344,38.98665,38.738773
"USC00143930",37.9311,-98.0297,"67501","Reno County","KS",12,-98.08751,-97.720341,38.092884,37.831725
"USC00219046",43.7639,-94.1661,"56098","Faribault County","MN",9,-94.327582,-94.057402,43.848111,43.666199
"USC00476678",43.73,-87.9714,"53073","Sheboygan County","WI",10,-88.160834,-87.87538,43.862897,43.674057
"USC00130753",40.7392,-92.4142,"52537","Davis County","IA",16,-92.638891,-92.17836,40.945352,40.590853
"USC00474373",43.8225,-91.1914,"54601","La Crosse County","WI",9,-91.274391,-91.030848,43.870909,43.738739
"USC00475581",43.7806,-89.3169,"53949","Marquette County","WI",14,-89.48416,-89.10598,43.93762,43.642627
"USC00236826",37.8956,-90.8414,"63664","Washington County","MO",16,-91.09936,-90.698474,38.102357,37.737812
"USC00141408",39.7242,-96.1258,"66415","Nemaha County","KS",10,-96.239707,-96.033055,39.783902,39.595115
"USC00135086",42.4733,-91.4517,"52057","Delaware County","IA",12,-91.579097,-91.31491,42.616883,42.361754
"USC00137386",43.1792,-95.6603,"51248","O'Brien County","IA",8,-95.76243,-95.54516,43.287556,43.12797
"USC00219033",43.8769,-95.1158,"56101","Cottonwood County","MN",13,-95.290894,-94.954489,44.021585,43.746526
"USC00141761",39.5592,-97.6697,"66901","Cloud County","KS",15,-97.816497,-97.402461,39.711216,39.379337
"USC00137147",43.43,-96.1686,"51246","Lyon County","IA",12,-96.332701,-95.960464,43.500365,43.315443
"USC00133909",42.4897,-95.5489,"51025","Ida County","IA",10,-95.662826,-95.438709,42.605463,42.39352
"USC00125174",41.2647,-87.4178,"46356","Lake County","IN",9,-87.526757,-87.290734,41.348241,41.162186
